Date,Day,Veg,Meat,Poultry,Fish,LegumesBeansNuts,Grains,EggCheese,Other,LongDate
2/1/2019,1,0,0,0,0,0,0,0,0,"Friday, February 1, 2019"
2/2/2019,2,0,0,0,0,0,0,0,0,"Saturday, February 2, 2019"
2/3/2019,3,0,0,0,0,0,0,0,0,"Sunday, February 3, 2019"
2/4/2019,4,1,0,0,0.5,1,1,1,0,"Monday, February 4, 2019"
2/5/2019,5,0,0,0,0,0,0,0,0,"Tuesday, February 5, 2019"
2/6/2019,6,0,0,0,0,0,0,0,0,"Wednesday, February 6, 2019"
2/7/2019,7,0,0,0,0,0,0,0,0,"Thursday, February 7, 2019"
2/8/2019,8,0,0,0,0,0,0,0,0,"Friday, February 8, 2019"
2/9/2019,9,0,0,0,0,0,0,0,0,"Saturday, February 9, 2019"
2/10/2019,10,0,0,0,0,0,0,0,0,"Sunday, February 10, 2019"
2/11/2019,11,1,0,0,0.5,1,1,1,0,"Monday, February 11, 2019"
2/12/2019,12,0,0,0,0,0,0,0,0,"Tuesday, February 12, 2019"
2/13/2019,13,0,0,0,0,0,0,0,0,"Wednesday, February 13, 2019"
2/14/2019,14,0,0,0,0,0,0,0,0,"Thursday, February 14, 2019"
2/15/2019,15,0,0,0,0,0,0,0,0,"Friday, February 15, 2019"
2/16/2019,16,0,0,0,0,0,0,0,0,"Saturday, February 16, 2019"
2/17/2019,17,0,0,0,0,0,0,0,0,"Sunday, February 17, 2019"
2/18/2019,18,0,0,0,0,0,0,0,0,"Monday, February 18, 2019"
2/19/2019,19,0,0,0,0,0,0,0,0,"Tuesday, February 19, 2019"
2/20/2019,20,0,0,0,0,0,0,0,0,"Wednesday, February 20, 2019"
2/21/2019,21,0,0,0,0,0,0,0,0,"Thursday, February 21, 2019"
2/22/2019,22,0,0,0,0,0,0,0,0,"Friday, February 22, 2019"
2/23/2019,23,0,0,0,0,0,0,0,0,"Saturday, February 23, 2019"
2/24/2019,24,0,0,0,0,0,0,0,0,"Sunday, February 24, 2019"
2/25/2019,25,1,0,0,0.5,1,1,1,0,"Monday, February 25, 2019"
2/26/2019,26,0,0,0,0,0,0,0,0,"Tuesday, February 26, 2019"
2/27/2019,27,0,0,0,0,0,0,0,0,"Wednesday, February 27, 2019"
2/28/2019,28,0,0,0,0,0,0,0,0,"Thursday, February 28, 2019"
3/1/2019,29,0,0,0,0,0,0,0,0,"Friday, March 1, 2019"
3/2/2019,30,0,0,0,0,0,0,0,0,"Saturday, March 2, 2019"
3/3/2019,31,0,0,0,0,0,0,0,0,"Sunday, March 3, 2019"
3/4/2019,32,1,0,0,0.5,1,1,1,0,"Monday, March 4, 2019"
3/5/2019,33,0,0,0,0,0,0,0,0,"Tuesday, March 5, 2019"
3/6/2019,34,0,0,0,0,0,0,0,0,"Wednesday, March 6, 2019"
3/7/2019,35,0,0,0,0,0,0,0,0,"Thursday, March 7, 2019"
3/8/2019,36,0,0,0,0,0,0,0,0,"Friday, March 8, 2019"
3/9/2019,37,0,0,0,0,0,0,0,0,"Saturday, March 9, 2019"
3/10/2019,38,0,0,0,0,0,0,0,0,"Sunday, March 10, 2019"
3/11/2019,39,1,0,0,0.5,1,1,1,0,"Monday, March 11, 2019"
3/12/2019,40,0,0,0,0,0,0,0,0,"Tuesday, March 12, 2019"
3/13/2019,41,0,0,0,0,0,0,0,0,"Wednesday, March 13, 2019"
3/14/2019,42,0,0,0,0,0,0,0,0,"Thursday, March 14, 2019"
3/15/2019,43,0,0,0,0,0,0,0,0,"Friday, March 15, 2019"
3/16/2019,44,0,0,0,0,0,0,0,0,"Saturday, March 16, 2019"
3/17/2019,45,0,0,0,0,0,0,0,0,"Sunday, March 17, 2019"
3/18/2019,46,1,0,0,0.5,1,1,1,0,"Monday, March 18, 2019"
3/19/2019,47,0,0,0,0,0,0,0,0,"Tuesday, March 19, 2019"
3/20/2019,48,0,0,0,0,0,0,0,0,"Wednesday, March 20, 2019"
3/21/2019,49,0,0,0,0,0,0,0,0,"Thursday, March 21, 2019"
3/22/2019,50,0,0,0,0,0,0,0,0,"Friday, March 22, 2019"
3/23/2019,51,0,0,0,0,0,0,0,0,"Saturday, March 23, 2019"
3/24/2019,52,0,0,0,0,0,0,0,0,"Sunday, March 24, 2019"
3/25/2019,53,1,0,0,0.5,1,1,1,0,"Monday, March 25, 2019"
3/26/2019,54,0,0,0,0,0,0,0,0,"Tuesday, March 26, 2019"
3/27/2019,55,0,0,0,0,0,0,0,0,"Wednesday, March 27, 2019"
3/28/2019,56,0,0,0,0,0,0,0,0,"Thursday, March 28, 2019"
3/29/2019,57,0,0,0,0,0,0,0,0,"Friday, March 29, 2019"
3/30/2019,58,0,0,0,0,0,0,0,0,"Saturday, March 30, 2019"
3/31/2019,59,0,0,0,0,0,0,0,0,"Sunday, March 31, 2019"
4/1/2019,60,1,0,0,0.5,1,1,1,0,"Monday, April 1, 2019"
4/2/2019,61,0,0,0,0,0,0,0,0,"Tuesday, April 2, 2019"
4/3/2019,62,0,0,0,0,0,0,0,0,"Wednesday, April 3, 2019"
4/4/2019,63,0,0,0,0,0,0,0,0,"Thursday, April 4, 2019"
4/5/2019,64,0,0,0,0,0,0,0,0,"Friday, April 5, 2019"
4/6/2019,65,0,0,0,0,0,0,0,0,"Saturday, April 6, 2019"
4/7/2019,66,0,0,0,0,0,0,0,0,"Sunday, April 7, 2019"
4/8/2019,67,1,0,0,0.5,1,1,1,0,"Monday, April 8, 2019"
4/9/2019,68,0,0,0,0,0,0,0,0,"Tuesday, April 9, 2019"
4/10/2019,69,0,0,0,0,0,0,0,0,"Wednesday, April 10, 2019"
4/11/2019,70,0,0,0,0,0,0,0,0,"Thursday, April 11, 2019"
4/12/2019,71,0,0,0,0,0,0,0,0,"Friday, April 12, 2019"
4/13/2019,72,0,0,0,0,0,0,0,0,"Saturday, April 13, 2019"
4/14/2019,73,0,0,0,0,0,0,0,0,"Sunday, April 14, 2019"
4/15/2019,74,1,0,0,0.5,1,1,1,0,"Monday, April 15, 2019"
4/16/2019,75,0,0,0,0,0,0,0,0,"Tuesday, April 16, 2019"
4/17/2019,76,0,0,0,0,0,0,0,0,"Wednesday, April 17, 2019"
4/18/2019,77,0,0,0,0,0,0,0,0,"Thursday, April 18, 2019"
4/19/2019,78,0,0,0,0,0,0,0,0,"Friday, April 19, 2019"
4/20/2019,79,0,0,0,0,0,0,0,0,"Saturday, April 20, 2019"
4/21/2019,80,0,0,0,0,0,0,0,0,"Sunday, April 21, 2019"
4/22/2019,81,1,0,0,0.5,1,1,1,0,"Monday, April 22, 2019"
4/23/2019,82,0,0,0,0,0,0,0,0,"Tuesday, April 23, 2019"
4/24/2019,83,0,0,0,0,0,0,0,0,"Wednesday, April 24, 2019"
4/25/2019,84,0,0,0,0,0,0,0,0,"Thursday, April 25, 2019"
4/26/2019,85,0,0,0,0,0,0,0,0,"Friday, April 26, 2019"
4/27/2019,86,0,0,0,0,0,0,0,0,"Saturday, April 27, 2019"
4/28/2019,87,0,0,0,0,0,0,0,0,"Sunday, April 28, 2019"
4/29/2019,88,1,0,0,0.5,1,1,1,0,"Monday, April 29, 2019"
4/30/2019,89,0,0,0,0,0,0,0,0,"Tuesday, April 30, 2019"
5/1/2019,90,0,0,0,0,0,0,0,0,"Wednesday, May 1, 2019"
5/2/2019,91,0,0,0,0,0,0,0,0,"Thursday, May 2, 2019"
5/3/2019,92,0,0,0,0,0,0,0,0,"Friday, May 3, 2019"
5/4/2019,93,0,0,0,0,0,0,0,0,"Saturday, May 4, 2019"
5/5/2019,94,0,0,0,0,0,0,0,0,"Sunday, May 5, 2019"
5/6/2019,95,1,0,0,0.5,1,1,1,0,"Monday, May 6, 2019"
5/7/2019,96,0,0,0,0,0,0,0,0,"Tuesday, May 7, 2019"
5/8/2019,97,0,0,0,0,0,0,0,0,"Wednesday, May 8, 2019"
5/9/2019,98,0,0,0,0,0,0,0,0,"Thursday, May 9, 2019"
5/10/2019,99,0,0,0,0,0,0,0,0,"Friday, May 10, 2019"
5/11/2019,100,0,0,0,0,0,0,0,0,"Saturday, May 11, 2019"
5/12/2019,101,0,0,0,0,0,0,0,0,"Sunday, May 12, 2019"
5/13/2019,102,1,0,0,0.5,1,1,1,0,"Monday, May 13, 2019"
5/14/2019,103,0,0,0,0,0,0,0,0,"Tuesday, May 14, 2019"
5/15/2019,104,0,0,0,0,0,0,0,0,"Wednesday, May 15, 2019"
5/16/2019,105,0,0,0,0,0,0,0,0,"Thursday, May 16, 2019"
5/17/2019,106,0,0,0,0,0,0,0,0,"Friday, May 17, 2019"
5/18/2019,107,0,0,0,0,0,0,0,0,"Saturday, May 18, 2019"
5/19/2019,108,0,0,0,0,0,0,0,0,"Sunday, May 19, 2019"
5/20/2019,109,1,0,0,0.5,1,1,1,0,"Monday, May 20, 2019"
5/21/2019,110,0,0,0,0,0,0,0,0,"Tuesday, May 21, 2019"
5/22/2019,111,0,0,0,0,0,0,0,0,"Wednesday, May 22, 2019"
5/23/2019,112,0,0,0,0,0,0,0,0,"Thursday, May 23, 2019"
5/24/2019,113,0,0,0,0,0,0,0,0,"Friday, May 24, 2019"
5/25/2019,114,0,0,0,0,0,0,0,0,"Saturday, May 25, 2019"
5/26/2019,115,0,0,0,0,0,0,0,0,"Sunday, May 26, 2019"
5/27/2019,116,1,0,0,0.5,1,1,1,0,"Monday, May 27, 2019"
5/28/2019,117,0,0,0,0,0,0,0,0,"Tuesday, May 28, 2019"
5/29/2019,118,0,0,0,0,0,0,0,0,"Wednesday, May 29, 2019"
5/30/2019,119,0,0,0,0,0,0,0,0,"Thursday, May 30, 2019"
5/31/2019,120,0,0,0,0,0,0,0,0,"Friday, May 31, 2019"
6/1/2019,121,0,0,0,0,0,0,0,0,"Saturday, June 1, 2019"
6/2/2019,122,0,0,0,0,0,0,0,0,"Sunday, June 2, 2019"
6/3/2019,123,1,0,0,0.5,1,1,1,0,"Monday, June 3, 2019"
6/4/2019,124,0,0,0,0,0,0,0,0,"Tuesday, June 4, 2019"
6/5/2019,125,0,0,0,0,0,0,0,0,"Wednesday, June 5, 2019"
6/6/2019,126,0,0,0,0,0,0,0,0,"Thursday, June 6, 2019"
6/7/2019,127,0,0,0,0,0,0,0,0,"Friday, June 7, 2019"
6/8/2019,128,0,0,0,0,0,0,0,0,"Saturday, June 8, 2019"
6/9/2019,129,0,0,0,0,0,0,0,0,"Sunday, June 9, 2019"
6/10/2019,130,1,0,0,0.5,1,1,1,0,"Monday, June 10, 2019"
6/11/2019,131,0,0,0,0,0,0,0,0,"Tuesday, June 11, 2019"
6/12/2019,132,0,0,0,0,0,0,0,0,"Wednesday, June 12, 2019"
6/13/2019,133,0,0,0,0,0,0,0,0,"Thursday, June 13, 2019"
6/14/2019,134,0,0,0,0,0,0,0,0,"Friday, June 14, 2019"
6/15/2019,135,0,0,0,0,0,0,0,0,"Saturday, June 15, 2019"
6/16/2019,136,0,0,0,0,0,0,0,0,"Sunday, June 16, 2019"
6/17/2019,137,1,0,0,0.5,1,1,1,0,"Monday, June 17, 2019"
6/18/2019,138,0,0,0,0,0,0,0,0,"Tuesday, June 18, 2019"
6/19/2019,139,0,0,0,0,0,0,0,0,"Wednesday, June 19, 2019"
6/20/2019,140,0,0,0,0,0,0,0,0,"Thursday, June 20, 2019"
6/21/2019,141,0,0,0,0,0,0,0,0,"Friday, June 21, 2019"
6/22/2019,142,0,0,0,0,0,0,0,0,"Saturday, June 22, 2019"
6/23/2019,143,0,0,0,0,0,0,0,0,"Sunday, June 23, 2019"
6/24/2019,144,1,0,0,0.5,1,1,1,0,"Monday, June 24, 2019"
6/25/2019,145,0,0,0,0,0,0,0,0,"Tuesday, June 25, 2019"
6/26/2019,146,0,0,0,0,0,0,0,0,"Wednesday, June 26, 2019"
6/27/2019,147,0,0,0,0,0,0,0,0,"Thursday, June 27, 2019"
6/28/2019,148,0,0,0,0,0,0,0,0,"Friday, June 28, 2019"
6/29/2019,149,0,0,0,0,0,0,0,0,"Saturday, June 29, 2019"
6/30/2019,150,0,0,0,0,0,0,0,0,"Sunday, June 30, 2019"
7/1/2019,151,1,0,0,0.5,1,1,1,0,"Monday, July 1, 2019"
7/2/2019,152,0,0,0,0,0,0,0,0,"Tuesday, July 2, 2019"
7/3/2019,153,0,0,0,0,0,0,0,0,"Wednesday, July 3, 2019"
7/4/2019,154,0,0,0,0,0,0,0,0,"Thursday, July 4, 2019"
7/5/2019,155,0,0,0,0,0,0,0,0,"Friday, July 5, 2019"
7/6/2019,156,0,0,0,0,0,0,0,0,"Saturday, July 6, 2019"
7/7/2019,157,0,0,0,0,0,0,0,0,"Sunday, July 7, 2019"
7/8/2019,158,1,0,0,0.5,1,1,1,0,"Monday, July 8, 2019"
7/9/2019,159,0,0,0,0,0,0,0,0,"Tuesday, July 9, 2019"
7/10/2019,160,0,0,0,0,0,0,0,0,"Wednesday, July 10, 2019"
7/11/2019,161,0,0,0,0,0,0,0,0,"Thursday, July 11, 2019"
7/12/2019,162,0,0,0,0,0,0,0,0,"Friday, July 12, 2019"
7/13/2019,163,0,0,0,0,0,0,0,0,"Saturday, July 13, 2019"
7/14/2019,164,0,0,0,0,0,0,0,0,"Sunday, July 14, 2019"
7/15/2019,165,1,0,0,0.5,1,1,1,0,"Monday, July 15, 2019"
7/16/2019,166,0,0,0,0,0,0,0,0,"Tuesday, July 16, 2019"
7/17/2019,167,0,0,0,0,0,0,0,0,"Wednesday, July 17, 2019"
7/18/2019,168,0,0,0,0,0,0,0,0,"Thursday, July 18, 2019"
7/19/2019,169,0,0,0,0,0,0,0,0,"Friday, July 19, 2019"
7/20/2019,170,0,0,0,0,0,0,0,0,"Saturday, July 20, 2019"
7/21/2019,171,0,0,0,0,0,0,0,0,"Sunday, July 21, 2019"
7/22/2019,172,1,0,0,0.5,1,1,1,0,"Monday, July 22, 2019"
7/23/2019,173,0,0,0,0,0,0,0,0,"Tuesday, July 23, 2019"
7/24/2019,174,0,0,0,0,0,0,0,0,"Wednesday, July 24, 2019"
7/25/2019,175,0,0,0,0,0,0,0,0,"Thursday, July 25, 2019"
7/26/2019,176,0,0,0,0,0,0,0,0,"Friday, July 26, 2019"
7/27/2019,177,0,0,0,0,0,0,0,0,"Saturday, July 27, 2019"
7/28/2019,178,0,0,0,0,0,0,0,0,"Sunday, July 28, 2019"
7/29/2019,179,1,0,0,0.5,1,1,1,0,"Monday, July 29, 2019"
7/30/2019,180,0,0,0,0,0,0,0,0,"Tuesday, July 30, 2019"
7/31/2019,181,0,0,0,0,0,0,0,0,"Wednesday, July 31, 2019"
8/1/2019,182,0,0,0,0,0,0,0,0,"Thursday, August 1, 2019"
8/2/2019,183,0,0,0,0,0,0,0,0,"Friday, August 2, 2019"
8/3/2019,184,0,0,0,0,0,0,0,0,"Saturday, August 3, 2019"
8/4/2019,185,0,0,0,0,0,0,0,0,"Sunday, August 4, 2019"
8/5/2019,186,1,0,0,0.5,1,1,1,0,"Monday, August 5, 2019"
8/6/2019,187,0,0,0,0,0,0,0,0,"Tuesday, August 6, 2019"
8/7/2019,188,0,0,0,0,0,0,0,0,"Wednesday, August 7, 2019"
8/8/2019,189,0,0,0,0,0,0,0,0,"Thursday, August 8, 2019"
8/9/2019,190,0,0,0,0,0,0,0,0,"Friday, August 9, 2019"
8/10/2019,191,0,0,0,0,0,0,0,0,"Saturday, August 10, 2019"
8/11/2019,192,0,0,0,0,0,0,0,0,"Sunday, August 11, 2019"
8/12/2019,193,1,0,0,0.5,1,1,1,0,"Monday, August 12, 2019"
8/13/2019,194,0,0,0,0,0,0,0,0,"Tuesday, August 13, 2019"
8/14/2019,195,0,0,0,0,0,0,0,0,"Wednesday, August 14, 2019"
8/15/2019,196,0,0,0,0,0,0,0,0,"Thursday, August 15, 2019"
8/16/2019,197,0,0,0,0,0,0,0,0,"Friday, August 16, 2019"
8/17/2019,198,0,0,0,0,0,0,0,0,"Saturday, August 17, 2019"
8/18/2019,199,0,0,0,0,0,0,0,0,"Sunday, August 18, 2019"
8/19/2019,200,1,0,0,0.5,1,1,1,0,"Monday, August 19, 2019"
8/20/2019,201,0,0,0,0,0,0,0,0,"Tuesday, August 20, 2019"
8/21/2019,202,0,0,0,0,0,0,0,0,"Wednesday, August 21, 2019"
8/22/2019,203,0,0,0,0,0,0,0,0,"Thursday, August 22, 2019"
8/23/2019,204,0,0,0,0,0,0,0,0,"Friday, August 23, 2019"
8/24/2019,205,0,0,0,0,0,0,0,0,"Saturday, August 24, 2019"
8/25/2019,206,0,0,0,0,0,0,0,0,"Sunday, August 25, 2019"
8/26/2019,207,1,0,0,0.5,1,1,1,0,"Monday, August 26, 2019"
8/27/2019,208,0,0,0,0,0,0,0,0,"Tuesday, August 27, 2019"
8/28/2019,209,0,0,0,0,0,0,0,0,"Wednesday, August 28, 2019"
8/29/2019,210,0,0,0,0,0,0,0,0,"Thursday, August 29, 2019"
8/30/2019,211,0,0,0,0,0,0,0,0,"Friday, August 30, 2019"
8/31/2019,212,0,0,0,0,0,0,0,0,"Saturday, August 31, 2019"
9/1/2019,213,0,0,0,0,0,0,0,0,"Sunday, September 1, 2019"
9/2/2019,214,1,0,0,0.5,1,1,1,0,"Monday, September 2, 2019"
9/3/2019,215,0,0,0,0,0,0,0,0,"Tuesday, September 3, 2019"
9/4/2019,216,0,0,0,0,0,0,0,0,"Wednesday, September 4, 2019"
9/5/2019,217,0,0,0,0,0,0,0,0,"Thursday, September 5, 2019"
9/6/2019,218,0,0,0,0,0,0,0,0,"Friday, September 6, 2019"
9/7/2019,219,0,0,0,0,0,0,0,0,"Saturday, September 7, 2019"
9/8/2019,220,0,0,0,0,0,0,0,0,"Sunday, September 8, 2019"
9/9/2019,221,1,0,0,0.5,1,1,1,0,"Monday, September 9, 2019"
9/10/2019,222,0,0,0,0,0,0,0,0,"Tuesday, September 10, 2019"
9/11/2019,223,0,0,0,0,0,0,0,0,"Wednesday, September 11, 2019"
9/12/2019,224,0,0,0,0,0,0,0,0,"Thursday, September 12, 2019"
9/13/2019,225,0,0,0,0,0,0,0,0,"Friday, September 13, 2019"
9/14/2019,226,0,0,0,0,0,0,0,0,"Saturday, September 14, 2019"
9/15/2019,227,0,0,0,0,0,0,0,0,"Sunday, September 15, 2019"
9/16/2019,228,1,0,0,0.5,1,1,1,0,"Monday, September 16, 2019"
9/17/2019,229,0,0,0,0,0,0,0,0,"Tuesday, September 17, 2019"
9/18/2019,230,0,0,0,0,0,0,0,0,"Wednesday, September 18, 2019"
9/19/2019,231,0,0,0,0,0,0,0,0,"Thursday, September 19, 2019"
9/20/2019,232,0,0,0,0,0,0,0,0,"Friday, September 20, 2019"
9/21/2019,233,0,0,0,0,0,0,0,0,"Saturday, September 21, 2019"
9/22/2019,234,0,0,0,0,0,0,0,0,"Sunday, September 22, 2019"
9/23/2019,235,1,0,0,0.5,1,1,1,0,"Monday, September 23, 2019"
9/24/2019,236,0,0,0,0,0,0,0,0,"Tuesday, September 24, 2019"
9/25/2019,237,0,0,0,0,0,0,0,0,"Wednesday, September 25, 2019"
9/26/2019,238,0,0,0,0,0,0,0,0,"Thursday, September 26, 2019"
9/27/2019,239,0,0,0,0,0,0,0,0,"Friday, September 27, 2019"
9/28/2019,240,0,0,0,0,0,0,0,0,"Saturday, September 28, 2019"
9/29/2019,241,0,0,0,0,0,0,0,0,"Sunday, September 29, 2019"
9/30/2019,242,1,0,0,0.5,1,1,1,0,"Monday, September 30, 2019"
10/1/2019,243,0,0,0,0,0,0,0,0,"Tuesday, October 1, 2019"
10/2/2019,244,0,0,0,0,0,0,0,0,"Wednesday, October 2, 2019"
10/3/2019,245,0,0,0,0,0,0,0,0,"Thursday, October 3, 2019"
10/4/2019,246,0,0,0,0,0,0,0,0,"Friday, October 4, 2019"
10/5/2019,247,0,0,0,0,0,0,0,0,"Saturday, October 5, 2019"
10/6/2019,248,0,0,0,0,0,0,0,0,"Sunday, October 6, 2019"
10/7/2019,249,1,0,0,0.5,1,1,1,0,"Monday, October 7, 2019"
10/8/2019,250,0,0,0,0,0,0,0,0,"Tuesday, October 8, 2019"
10/9/2019,251,0,0,0,0,0,0,0,0,"Wednesday, October 9, 2019"
10/10/2019,252,0,0,0,0,0,0,0,0,"Thursday, October 10, 2019"
10/11/2019,253,0,0,0,0,0,0,0,0,"Friday, October 11, 2019"
10/12/2019,254,0,0,0,0,0,0,0,0,"Saturday, October 12, 2019"
10/13/2019,255,0,0,0,0,0,0,0,0,"Sunday, October 13, 2019"
10/14/2019,256,1,0,0,0.5,1,1,1,0,"Monday, October 14, 2019"
10/15/2019,257,0,0,0,0,0,0,0,0,"Tuesday, October 15, 2019"
10/16/2019,258,0,0,0,0,0,0,0,0,"Wednesday, October 16, 2019"
10/17/2019,259,0,0,0,0,0,0,0,0,"Thursday, October 17, 2019"
10/18/2019,260,0,0,0,0,0,0,0,0,"Friday, October 18, 2019"
10/19/2019,261,0,0,0,0,0,0,0,0,"Saturday, October 19, 2019"
10/20/2019,262,0,0,0,0,0,0,0,0,"Sunday, October 20, 2019"
10/21/2019,263,1,0,0,0.5,1,1,1,0,"Monday, October 21, 2019"
10/22/2019,264,0,0,0,0,0,0,0,0,"Tuesday, October 22, 2019"
10/23/2019,265,0,0,0,0,0,0,0,0,"Wednesday, October 23, 2019"
10/24/2019,266,0,0,0,0,0,0,0,0,"Thursday, October 24, 2019"
10/25/2019,267,0,0,0,0,0,0,0,0,"Friday, October 25, 2019"
10/26/2019,268,0,0,0,0,0,0,0,0,"Saturday, October 26, 2019"
10/27/2019,269,0,0,0,0,0,0,0,0,"Sunday, October 27, 2019"
10/28/2019,270,1,0,0,0.5,1,1,1,0,"Monday, October 28, 2019"
10/29/2019,271,0,0,0,0,0,0,0,0,"Tuesday, October 29, 2019"
10/30/2019,272,0,0,0,0,0,0,0,0,"Wednesday, October 30, 2019"
10/31/2019,273,0,0,0,0,0,0,0,0,"Thursday, October 31, 2019"
11/1/2019,274,0,0,0,0,0,0,0,0,"Friday, November 1, 2019"
11/2/2019,275,0,0,0,0,0,0,0,0,"Saturday, November 2, 2019"
11/3/2019,276,0,0,0,0,0,0,0,0,"Sunday, November 3, 2019"
11/4/2019,277,1,0,0,0.5,1,1,1,0,"Monday, November 4, 2019"
11/5/2019,278,0,0,0,0,0,0,0,0,"Tuesday, November 5, 2019"
11/6/2019,279,0,0,0,0,0,0,0,0,"Wednesday, November 6, 2019"
11/7/2019,280,0,0,0,0,0,0,0,0,"Thursday, November 7, 2019"
11/8/2019,281,0,0,0,0,0,0,0,0,"Friday, November 8, 2019"
11/9/2019,282,0,0,0,0,0,0,0,0,"Saturday, November 9, 2019"
11/10/2019,283,0,0,0,0,0,0,0,0,"Sunday, November 10, 2019"
11/11/2019,284,1,0,0,0.5,1,1,1,0,"Monday, November 11, 2019"
11/12/2019,285,0,0,0,0,0,0,0,0,"Tuesday, November 12, 2019"
11/13/2019,286,0,0,0,0,0,0,0,0,"Wednesday, November 13, 2019"
11/14/2019,287,0,0,0,0,0,0,0,0,"Thursday, November 14, 2019"
11/15/2019,288,0,0,0,0,0,0,0,0,"Friday, November 15, 2019"
11/16/2019,289,0,0,0,0,0,0,0,0,"Saturday, November 16, 2019"
11/17/2019,290,0,0,0,0,0,0,0,0,"Sunday, November 17, 2019"
11/18/2019,291,1,0,0,0.5,1,1,1,0,"Monday, November 18, 2019"
11/19/2019,292,0,0,0,0,0,0,0,0,"Tuesday, November 19, 2019"
11/20/2019,293,0,0,0,0,0,0,0,0,"Wednesday, November 20, 2019"
11/21/2019,294,0,0,0,0,0,0,0,0,"Thursday, November 21, 2019"
11/22/2019,295,0,0,0,0,0,0,0,0,"Friday, November 22, 2019"
11/23/2019,296,0,0,0,0,0,0,0,0,"Saturday, November 23, 2019"
11/24/2019,297,0,0,0,0,0,0,0,0,"Sunday, November 24, 2019"
11/25/2019,298,1,0,0,0.5,1,1,1,0,"Monday, November 25, 2019"
11/26/2019,299,0,0,0,0,0,0,0,0,"Tuesday, November 26, 2019"
11/27/2019,300,0,0,0,0,0,0,0,0,"Wednesday, November 27, 2019"
11/28/2019,301,0,0,0,0,0,0,0,0,"Thursday, November 28, 2019"
11/29/2019,302,0,0,0,0,0,0,0,0,"Friday, November 29, 2019"
11/30/2019,303,0,0,0,0,0,0,0,0,"Saturday, November 30, 2019"
12/1/2019,304,0,0,0,0,0,0,0,0,"Sunday, December 1, 2019"
12/2/2019,305,1,0,0,0.5,1,1,1,0,"Monday, December 2, 2019"
12/3/2019,306,0,0,0,0,0,0,0,0,"Tuesday, December 3, 2019"
12/4/2019,307,0,0,0,0,0,0,0,0,"Wednesday, December 4, 2019"
12/5/2019,308,0,0,0,0,0,0,0,0,"Thursday, December 5, 2019"
12/6/2019,309,0,0,0,0,0,0,0,0,"Friday, December 6, 2019"
12/7/2019,310,0,0,0,0,0,0,0,0,"Saturday, December 7, 2019"
12/8/2019,311,0,0,0,0,0,0,0,0,"Sunday, December 8, 2019"
12/9/2019,312,1,0,0,0.5,1,1,1,0,"Monday, December 9, 2019"
12/10/2019,313,0,0,0,0,0,0,0,0,"Tuesday, December 10, 2019"
12/11/2019,314,0,0,0,0,0,0,0,0,"Wednesday, December 11, 2019"
12/12/2019,315,0,0,0,0,0,0,0,0,"Thursday, December 12, 2019"
12/13/2019,316,0,0,0,0,0,0,0,0,"Friday, December 13, 2019"
12/14/2019,317,0,0,0,0,0,0,0,0,"Saturday, December 14, 2019"
12/15/2019,318,0,0,0,0,0,0,0,0,"Sunday, December 15, 2019"
12/16/2019,319,1,0,0,0.5,1,1,1,0,"Monday, December 16, 2019"
12/17/2019,320,0,0,0,0,0,0,0,0,"Tuesday, December 17, 2019"
12/18/2019,321,0,0,0,0,0,0,0,0,"Wednesday, December 18, 2019"
12/19/2019,322,0,0,0,0,0,0,0,0,"Thursday, December 19, 2019"
12/20/2019,323,0,0,0,0,0,0,0,0,"Friday, December 20, 2019"
12/21/2019,324,0,0,0,0,0,0,0,0,"Saturday, December 21, 2019"
12/22/2019,325,0,0,0,0,0,0,0,0,"Sunday, December 22, 2019"
12/23/2019,326,1,0,0,0.5,1,1,1,0,"Monday, December 23, 2019"
12/24/2019,327,0,0,0,0,0,0,0,0,"Tuesday, December 24, 2019"
12/25/2019,328,0,0,0,0,0,0,0,0,"Wednesday, December 25, 2019"
12/26/2019,329,0,0,0,0,0,0,0,0,"Thursday, December 26, 2019"
12/27/2019,330,0,0,0,0,0,0,0,0,"Friday, December 27, 2019"
12/28/2019,331,0,0,0,0,0,0,0,0,"Saturday, December 28, 2019"
12/29/2019,332,0,0,0,0,0,0,0,0,"Sunday, December 29, 2019"
12/30/2019,333,1,0,0,0.5,1,1,1,0,"Monday, December 30, 2019"
12/31/2019,334,0,0,0,0,0,0,0,0,"Tuesday, December 31, 2019"
1/1/2020,335,0,0,0,0,0,0,0,0,"Wednesday, January 1, 2020"
1/2/2020,336,0,0,0,0,0,0,0,0,"Thursday, January 2, 2020"
1/3/2020,337,0,0,0,0,0,0,0,0,"Friday, January 3, 2020"
1/4/2020,338,0,0,0,0,0,0,0,0,"Saturday, January 4, 2020"
1/5/2020,339,0,0,0,0,0,0,0,0,"Sunday, January 5, 2020"
1/6/2020,340,1,0,0,0.5,1,1,1,0,"Monday, January 6, 2020"
1/7/2020,341,0,0,0,0,0,0,0,0,"Tuesday, January 7, 2020"
1/8/2020,342,0,0,0,0,0,0,0,0,"Wednesday, January 8, 2020"
1/9/2020,343,0,0,0,0,0,0,0,0,"Thursday, January 9, 2020"
1/10/2020,344,0,0,0,0,0,0,0,0,"Friday, January 10, 2020"
1/11/2020,345,0,0,0,0,0,0,0,0,"Saturday, January 11, 2020"
1/12/2020,346,0,0,0,0,0,0,0,0,"Sunday, January 12, 2020"
1/13/2020,347,1,0,0,0.5,1,1,1,0,"Monday, January 13, 2020"
1/14/2020,348,0,0,0,0,0,0,0,0,"Tuesday, January 14, 2020"
1/15/2020,349,0,0,0,0,0,0,0,0,"Wednesday, January 15, 2020"
1/16/2020,350,0,0,0,0,0,0,0,0,"Thursday, January 16, 2020"
1/17/2020,351,0,0,0,0,0,0,0,0,"Friday, January 17, 2020"
1/18/2020,352,0,0,0,0,0,0,0,0,"Saturday, January 18, 2020"
1/19/2020,353,0,0,0,0,0,0,0,0,"Sunday, January 19, 2020"
1/20/2020,354,1,0,0,0.5,1,1,1,0,"Monday, January 20, 2020"
1/21/2020,355,0,0,0,0,0,0,0,0,"Tuesday, January 21, 2020"
1/22/2020,356,0,0,0,0,0,0,0,0,"Wednesday, January 22, 2020"
1/23/2020,357,0,0,0,0,0,0,0,0,"Thursday, January 23, 2020"
1/24/2020,358,0,0,0,0,0,0,0,0,"Friday, January 24, 2020"
1/25/2020,359,0,0,0,0,0,0,0,0,"Saturday, January 25, 2020"
1/26/2020,360,0,0,0,0,0,0,0,0,"Sunday, January 26, 2020"
1/27/2020,361,1,0,0,0.5,1,1,1,0,"Monday, January 27, 2020"
1/28/2020,362,0,0,0,0,0,0,0,0,"Tuesday, January 28, 2020"
1/29/2020,363,0,0,0,0,0,0,0,0,"Wednesday, January 29, 2020"
1/30/2020,364,0,0,0,0,0,0,0,0,"Thursday, January 30, 2020"
1/31/2020,365,0,0,0,0,0,0,0,0,"Friday, January 31, 2020"
2/1/2020,366,0,0,0,0,0,0,0,0,"Saturday, February 1, 2020"
2/2/2020,367,0,0,0,0,0,0,0,0,"Sunday, February 2, 2020"
2/3/2020,368,1,0,0,0.5,1,1,1,0,"Monday, February 3, 2020"
2/4/2020,369,0,0,0,0,0,0,0,0,"Tuesday, February 4, 2020"
2/5/2020,370,0,0,0,0,0,0,0,0,"Wednesday, February 5, 2020"
2/6/2020,371,0,0,0,0,0,0,0,0,"Thursday, February 6, 2020"
2/7/2020,372,0,0,0,0,0,0,0,0,"Friday, February 7, 2020"
2/8/2020,373,0,0,0,0,0,0,0,0,"Saturday, February 8, 2020"
2/9/2020,374,0,0,0,0,0,0,0,0,"Sunday, February 9, 2020"
2/10/2020,375,1,0,0,0.5,1,1,1,0,"Monday, February 10, 2020"
2/11/2020,376,0,0,0,0,0,0,0,0,"Tuesday, February 11, 2020"
2/12/2020,377,0,0,0,0,0,0,0,0,"Wednesday, February 12, 2020"
2/13/2020,378,0,0,0,0,0,0,0,0,"Thursday, February 13, 2020"
2/14/2020,379,0,0,0,0,0,0,0,0,"Friday, February 14, 2020"
2/15/2020,380,0,0,0,0,0,0,0,0,"Saturday, February 15, 2020"
2/16/2020,381,0,0,0,0,0,0,0,0,"Sunday, February 16, 2020"
2/17/2020,382,1,0,0,0.5,1,1,1,0,"Monday, February 17, 2020"
2/18/2020,383,0,0,0,0,0,0,0,0,"Tuesday, February 18, 2020"
2/19/2020,384,0,0,0,0,0,0,0,0,"Wednesday, February 19, 2020"
2/20/2020,385,0,0,0,0,0,0,0,0,"Thursday, February 20, 2020"
2/21/2020,386,0,0,0,0,0,0,0,0,"Friday, February 21, 2020"
2/22/2020,387,0,0,0,0,0,0,0,0,"Saturday, February 22, 2020"
2/23/2020,388,0,0,0,0,0,0,0,0,"Sunday, February 23, 2020"
2/24/2020,389,1,0,0,0.5,1,1,1,0,"Monday, February 24, 2020"
2/25/2020,390,0,0,0,0,0,0,0,0,"Tuesday, February 25, 2020"
2/26/2020,391,0,0,0,0,0,0,0,0,"Wednesday, February 26, 2020"
2/27/2020,392,0,0,0,0,0,0,0,0,"Thursday, February 27, 2020"
2/28/2020,393,0,0,0,0,0,0,0,0,"Friday, February 28, 2020"
2/29/2020,394,0,0,0,0,0,0,0,0,"Saturday, February 29, 2020"
3/1/2020,395,0,0,0,0,0,0,0,0,"Sunday, March 1, 2020"
3/2/2020,396,1,0,0,0.5,1,1,1,0,"Monday, March 2, 2020"
3/3/2020,397,0,0,0,0,0,0,0,0,"Tuesday, March 3, 2020"
3/4/2020,398,0,0,0,0,0,0,0,0,"Wednesday, March 4, 2020"
3/5/2020,399,0,0,0,0,0,0,0,0,"Thursday, March 5, 2020"
3/6/2020,400,0,0,0,0,0,0,0,0,"Friday, March 6, 2020"
3/7/2020,401,0,0,0,0,0,0,0,0,"Saturday, March 7, 2020"
3/8/2020,402,0,0,0,0,0,0,0,0,"Sunday, March 8, 2020"
3/9/2020,403,1,0,0,0.5,1,1,1,0,"Monday, March 9, 2020"
3/10/2020,404,0,0,0,0,0,0,0,0,"Tuesday, March 10, 2020"
3/11/2020,405,0,0,0,0,0,0,0,0,"Wednesday, March 11, 2020"
3/12/2020,406,0,0,0,0,0,0,0,0,"Thursday, March 12, 2020"
3/13/2020,407,0,0,0,0,0,0,0,0,"Friday, March 13, 2020"
3/14/2020,408,0,0,0,0,0,0,0,0,"Saturday, March 14, 2020"
3/15/2020,409,0,0,0,0,0,0,0,0,"Sunday, March 15, 2020"
3/16/2020,410,1,0,0,0.5,1,1,1,0,"Monday, March 16, 2020"
3/17/2020,411,0,0,0,0,0,0,0,0,"Tuesday, March 17, 2020"
3/18/2020,412,0,0,0,0,0,0,0,0,"Wednesday, March 18, 2020"
3/19/2020,413,0,0,0,0,0,0,0,0,"Thursday, March 19, 2020"
3/20/2020,414,0,0,0,0,0,0,0,0,"Friday, March 20, 2020"
3/21/2020,415,0,0,0,0,0,0,0,0,"Saturday, March 21, 2020"
3/22/2020,416,0,0,0,0,0,0,0,0,"Sunday, March 22, 2020"
3/23/2020,417,1,0,0,0.5,1,1,1,0,"Monday, March 23, 2020"
3/24/2020,418,0,0,0,0,0,0,0,0,"Tuesday, March 24, 2020"
3/25/2020,419,0,0,0,0,0,0,0,0,"Wednesday, March 25, 2020"
3/26/2020,420,0,0,0,0,0,0,0,0,"Thursday, March 26, 2020"
3/27/2020,421,0,0,0,0,0,0,0,0,"Friday, March 27, 2020"
3/28/2020,422,0,0,0,0,0,0,0,0,"Saturday, March 28, 2020"
3/29/2020,423,0,0,0,0,0,0,0,0,"Sunday, March 29, 2020"
3/30/2020,424,1,0,0,0.5,1,1,1,0,"Monday, March 30, 2020"
3/31/2020,425,0,0,0,0,0,0,0,0,"Tuesday, March 31, 2020"
4/1/2020,426,0,0,0,0,0,0,0,0,"Wednesday, April 1, 2020"
4/2/2020,427,0,0,0,0,0,0,0,0,"Thursday, April 2, 2020"
4/3/2020,428,0,0,0,0,0,0,0,0,"Friday, April 3, 2020"
4/4/2020,429,0,0,0,0,0,0,0,0,"Saturday, April 4, 2020"
4/5/2020,430,0,0,0,0,0,0,0,0,"Sunday, April 5, 2020"
4/6/2020,431,1,0,0,0.5,1,1,1,0,"Monday, April 6, 2020"
4/7/2020,432,0,0,0,0,0,0,0,0,"Tuesday, April 7, 2020"
4/8/2020,433,0,0,0,0,0,0,0,0,"Wednesday, April 8, 2020"
4/9/2020,434,0,0,0,0,0,0,0,0,"Thursday, April 9, 2020"
4/10/2020,435,0,0,0,0,0,0,0,0,"Friday, April 10, 2020"
4/11/2020,436,0,0,0,0,0,0,0,0,"Saturday, April 11, 2020"
4/12/2020,437,0,0,0,0,0,0,0,0,"Sunday, April 12, 2020"
4/13/2020,438,1,0,0,0.5,1,1,1,0,"Monday, April 13, 2020"
4/14/2020,439,0,0,0,0,0,0,0,0,"Tuesday, April 14, 2020"
4/15/2020,440,0,0,0,0,0,0,0,0,"Wednesday, April 15, 2020"
4/16/2020,441,0,0,0,0,0,0,0,0,"Thursday, April 16, 2020"
4/17/2020,442,0,0,0,0,0,0,0,0,"Friday, April 17, 2020"
4/18/2020,443,0,0,0,0,0,0,0,0,"Saturday, April 18, 2020"
4/19/2020,444,0,0,0,0,0,0,0,0,"Sunday, April 19, 2020"
4/20/2020,445,1,0,0,0.5,1,1,1,0,"Monday, April 20, 2020"
4/21/2020,446,0,0,0,0,0,0,0,0,"Tuesday, April 21, 2020"
4/22/2020,447,0,0,0,0,0,0,0,0,"Wednesday, April 22, 2020"
4/23/2020,448,0,0,0,0,0,0,0,0,"Thursday, April 23, 2020"
4/24/2020,449,0,0,0,0,0,0,0,0,"Friday, April 24, 2020"
4/25/2020,450,0,0,0,0,0,0,0,0,"Saturday, April 25, 2020"
4/26/2020,451,0,0,0,0,0,0,0,0,"Sunday, April 26, 2020"
4/27/2020,452,1,0,0,0.5,1,1,1,0,"Monday, April 27, 2020"
4/28/2020,453,0,0,0,0,0,0,0,0,"Tuesday, April 28, 2020"
4/29/2020,454,0,0,0,0,0,0,0,0,"Wednesday, April 29, 2020"
4/30/2020,455,0,0,0,0,0,0,0,0,"Thursday, April 30, 2020"
5/1/2020,456,0,0,0,0,0,0,0,0,"Friday, May 1, 2020"
5/2/2020,457,0,0,0,0,0,0,0,0,"Saturday, May 2, 2020"
5/3/2020,458,0,0,0,0,0,0,0,0,"Sunday, May 3, 2020"
5/4/2020,459,1,0,0,0.5,1,1,1,0,"Monday, May 4, 2020"
5/5/2020,460,0,0,0,0,0,0,0,0,"Tuesday, May 5, 2020"
5/6/2020,461,0,0,0,0,0,0,0,0,"Wednesday, May 6, 2020"
5/7/2020,462,0,0,0,0,0,0,0,0,"Thursday, May 7, 2020"
5/8/2020,463,0,0,0,0,0,0,0,0,"Friday, May 8, 2020"
5/9/2020,464,0,0,0,0,0,0,0,0,"Saturday, May 9, 2020"
5/10/2020,465,0,0,0,0,0,0,0,0,"Sunday, May 10, 2020"
5/11/2020,466,1,0,0,0.5,1,1,1,0,"Monday, May 11, 2020"
5/12/2020,467,0,0,0,0,0,0,0,0,"Tuesday, May 12, 2020"
5/13/2020,468,0,0,0,0,0,0,0,0,"Wednesday, May 13, 2020"
5/14/2020,469,0,0,0,0,0,0,0,0,"Thursday, May 14, 2020"
5/15/2020,470,0,0,0,0,0,0,0,0,"Friday, May 15, 2020"
5/16/2020,471,0,0,0,0,0,0,0,0,"Saturday, May 16, 2020"
5/17/2020,472,0,0,0,0,0,0,0,0,"Sunday, May 17, 2020"
5/18/2020,473,1,0,0,0.5,1,1,1,0,"Monday, May 18, 2020"
5/19/2020,474,0,0,0,0,0,0,0,0,"Tuesday, May 19, 2020"
5/20/2020,475,0,0,0,0,0,0,0,0,"Wednesday, May 20, 2020"
5/21/2020,476,0,0,0,0,0,0,0,0,"Thursday, May 21, 2020"
5/22/2020,477,0,0,0,0,0,0,0,0,"Friday, May 22, 2020"
5/23/2020,478,0,0,0,0,0,0,0,0,"Saturday, May 23, 2020"
5/24/2020,479,0,0,0,0,0,0,0,0,"Sunday, May 24, 2020"
5/25/2020,480,1,0,0,0.5,1,1,1,0,"Monday, May 25, 2020"
5/26/2020,481,0,0,0,0,0,0,0,0,"Tuesday, May 26, 2020"
5/27/2020,482,0,0,0,0,0,0,0,0,"Wednesday, May 27, 2020"
5/28/2020,483,0,0,0,0,0,0,0,0,"Thursday, May 28, 2020"
5/29/2020,484,0,0,0,0,0,0,0,0,"Friday, May 29, 2020"
5/30/2020,485,0,0,0,0,0,0,0,0,"Saturday, May 30, 2020"
5/31/2020,486,0,0,0,0,0,0,0,0,"Sunday, May 31, 2020"
6/1/2020,487,1,0,0,0.5,1,1,1,0,"Monday, June 1, 2020"
6/2/2020,488,0,0,0,0,0,0,0,0,"Tuesday, June 2, 2020"
6/3/2020,489,0,0,0,0,0,0,0,0,"Wednesday, June 3, 2020"
6/4/2020,490,0,0,0,0,0,0,0,0,"Thursday, June 4, 2020"
6/5/2020,491,0,0,0,0,0,0,0,0,"Friday, June 5, 2020"
6/6/2020,492,0,0,0,0,0,0,0,0,"Saturday, June 6, 2020"
6/7/2020,493,0,0,0,0,0,0,0,0,"Sunday, June 7, 2020"
6/8/2020,494,1,0,0,0.5,1,1,1,0,"Monday, June 8, 2020"
6/9/2020,495,0,0,0,0,0,0,0,0,"Tuesday, June 9, 2020"
6/10/2020,496,0,0,0,0,0,0,0,0,"Wednesday, June 10, 2020"
6/11/2020,497,0,0,0,0,0,0,0,0,"Thursday, June 11, 2020"
6/12/2020,498,0,0,0,0,0,0,0,0,"Friday, June 12, 2020"
6/13/2020,499,0,0,0,0,0,0,0,0,"Saturday, June 13, 2020"
6/14/2020,500,0,0,0,0,0,0,0,0,"Sunday, June 14, 2020"
6/15/2020,501,1,0,0,0.5,1,1,1,0,"Monday, June 15, 2020"
6/16/2020,502,0,0,0,0,0,0,0,0,"Tuesday, June 16, 2020"
6/17/2020,503,0,0,0,0,0,0,0,0,"Wednesday, June 17, 2020"
6/18/2020,504,0,0,0,0,0,0,0,0,"Thursday, June 18, 2020"
6/19/2020,505,0,0,0,0,0,0,0,0,"Friday, June 19, 2020"
6/20/2020,506,0,0,0,0,0,0,0,0,"Saturday, June 20, 2020"
6/21/2020,507,0,0,0,0,0,0,0,0,"Sunday, June 21, 2020"
6/22/2020,508,1,0,0,0.5,1,1,1,0,"Monday, June 22, 2020"
6/23/2020,509,0,0,0,0,0,0,0,0,"Tuesday, June 23, 2020"
6/24/2020,510,0,0,0,0,0,0,0,0,"Wednesday, June 24, 2020"
6/25/2020,511,0,0,0,0,0,0,0,0,"Thursday, June 25, 2020"
6/26/2020,512,0,0,0,0,0,0,0,0,"Friday, June 26, 2020"
6/27/2020,513,0,0,0,0,0,0,0,0,"Saturday, June 27, 2020"
6/28/2020,514,0,0,0,0,0,0,0,0,"Sunday, June 28, 2020"
6/29/2020,515,1,0,0,0.5,1,1,1,0,"Monday, June 29, 2020"
6/30/2020,516,0,0,0,0,0,0,0,0,"Tuesday, June 30, 2020"
7/1/2020,517,0,0,0,0,0,0,0,0,"Wednesday, July 1, 2020"
7/2/2020,518,0,0,0,0,0,0,0,0,"Thursday, July 2, 2020"
7/3/2020,519,0,0,0,0,0,0,0,0,"Friday, July 3, 2020"
7/4/2020,520,0,0,0,0,0,0,0,0,"Saturday, July 4, 2020"
7/5/2020,521,0,0,0,0,0,0,0,0,"Sunday, July 5, 2020"
7/6/2020,522,1,0,0,0.5,1,1,1,0,"Monday, July 6, 2020"
7/7/2020,523,0,0,0,0,0,0,0,0,"Tuesday, July 7, 2020"
7/8/2020,524,0,0,0,0,0,0,0,0,"Wednesday, July 8, 2020"
7/9/2020,525,0,0,0,0,0,0,0,0,"Thursday, July 9, 2020"
7/10/2020,526,0,0,0,0,0,0,0,0,"Friday, July 10, 2020"
7/11/2020,527,0,0,0,0,0,0,0,0,"Saturday, July 11, 2020"
7/12/2020,528,0,0,0,0,0,0,0,0,"Sunday, July 12, 2020"
7/13/2020,529,1,0,0,0.5,1,1,1,0,"Monday, July 13, 2020"
7/14/2020,530,0,0,0,0,0,0,0,0,"Tuesday, July 14, 2020"
7/15/2020,531,0,0,0,0,0,0,0,0,"Wednesday, July 15, 2020"
7/16/2020,532,0,0,0,0,0,0,0,0,"Thursday, July 16, 2020"
7/17/2020,533,0,0,0,0,0,0,0,0,"Friday, July 17, 2020"
7/18/2020,534,0,0,0,0,0,0,0,0,"Saturday, July 18, 2020"
7/19/2020,535,0,0,0,0,0,0,0,0,"Sunday, July 19, 2020"
7/20/2020,536,1,0,0,0.5,1,1,1,0,"Monday, July 20, 2020"
7/21/2020,537,0,0,0,0,0,0,0,0,"Tuesday, July 21, 2020"
7/22/2020,538,0,0,0,0,0,0,0,0,"Wednesday, July 22, 2020"
7/23/2020,539,0,0,0,0,0,0,0,0,"Thursday, July 23, 2020"
7/24/2020,540,0,0,0,0,0,0,0,0,"Friday, July 24, 2020"
7/25/2020,541,0,0,0,0,0,0,0,0,"Saturday, July 25, 2020"
7/26/2020,542,0,0,0,0,0,0,0,0,"Sunday, July 26, 2020"
7/27/2020,543,1,0,0,0.5,1,1,1,0,"Monday, July 27, 2020"
7/28/2020,544,0,0,0,0,0,0,0,0,"Tuesday, July 28, 2020"
7/29/2020,545,0,0,0,0,0,0,0,0,"Wednesday, July 29, 2020"
7/30/2020,546,0,0,0,0,0,0,0,0,"Thursday, July 30, 2020"
7/31/2020,547,0,0,0,0,0,0,0,0,"Friday, July 31, 2020"
8/1/2020,548,0,0,0,0,0,0,0,0,"Saturday, August 1, 2020"
8/2/2020,549,0,0,0,0,0,0,0,0,"Sunday, August 2, 2020"
8/3/2020,550,1,0,0,0.5,1,1,1,0,"Monday, August 3, 2020"
8/4/2020,551,0,0,0,0,0,0,0,0,"Tuesday, August 4, 2020"
8/5/2020,552,0,0,0,0,0,0,0,0,"Wednesday, August 5, 2020"
8/6/2020,553,0,0,0,0,0,0,0,0,"Thursday, August 6, 2020"
8/7/2020,554,0,0,0,0,0,0,0,0,"Friday, August 7, 2020"
8/8/2020,555,0,0,0,0,0,0,0,0,"Saturday, August 8, 2020"
8/9/2020,556,0,0,0,0,0,0,0,0,"Sunday, August 9, 2020"
8/10/2020,557,1,0,0,0.5,1,1,1,0,"Monday, August 10, 2020"
8/11/2020,558,0,0,0,0,0,0,0,0,"Tuesday, August 11, 2020"
8/12/2020,559,0,0,0,0,0,0,0,0,"Wednesday, August 12, 2020"
8/13/2020,560,0,0,0,0,0,0,0,0,"Thursday, August 13, 2020"
8/14/2020,561,0,0,0,0,0,0,0,0,"Friday, August 14, 2020"
8/15/2020,562,0,0,0,0,0,0,0,0,"Saturday, August 15, 2020"
8/16/2020,563,0,0,0,0,0,0,0,0,"Sunday, August 16, 2020"
8/17/2020,564,1,0,0,0.5,1,1,1,0,"Monday, August 17, 2020"
8/18/2020,565,0,0,0,0,0,0,0,0,"Tuesday, August 18, 2020"
8/19/2020,566,0,0,0,0,0,0,0,0,"Wednesday, August 19, 2020"
8/20/2020,567,0,0,0,0,0,0,0,0,"Thursday, August 20, 2020"
8/21/2020,568,0,0,0,0,0,0,0,0,"Friday, August 21, 2020"
8/22/2020,569,0,0,0,0,0,0,0,0,"Saturday, August 22, 2020"
8/23/2020,570,0,0,0,0,0,0,0,0,"Sunday, August 23, 2020"
8/24/2020,571,1,0,0,0.5,1,1,1,0,"Monday, August 24, 2020"
8/25/2020,572,0,0,0,0,0,0,0,0,"Tuesday, August 25, 2020"
8/26/2020,573,0,0,0,0,0,0,0,0,"Wednesday, August 26, 2020"
8/27/2020,574,0,0,0,0,0,0,0,0,"Thursday, August 27, 2020"
8/28/2020,575,0,0,0,0,0,0,0,0,"Friday, August 28, 2020"
8/29/2020,576,0,0,0,0,0,0,0,0,"Saturday, August 29, 2020"
8/30/2020,577,0,0,0,0,0,0,0,0,"Sunday, August 30, 2020"
8/31/2020,578,1,0,0,0.5,1,1,1,0,"Monday, August 31, 2020"
9/1/2020,579,0,0,0,0,0,0,0,0,"Tuesday, September 1, 2020"
9/2/2020,580,0,0,0,0,0,0,0,0,"Wednesday, September 2, 2020"
9/3/2020,581,0,0,0,0,0,0,0,0,"Thursday, September 3, 2020"
9/4/2020,582,0,0,0,0,0,0,0,0,"Friday, September 4, 2020"
9/5/2020,583,0,0,0,0,0,0,0,0,"Saturday, September 5, 2020"
9/6/2020,584,0,0,0,0,0,0,0,0,"Sunday, September 6, 2020"
9/7/2020,585,1,0,0,0.5,1,1,1,0,"Monday, September 7, 2020"
9/8/2020,586,0,0,0,0,0,0,0,0,"Tuesday, September 8, 2020"
9/9/2020,587,0,0,0,0,0,0,0,0,"Wednesday, September 9, 2020"
9/10/2020,588,0,0,0,0,0,0,0,0,"Thursday, September 10, 2020"
9/11/2020,589,0,0,0,0,0,0,0,0,"Friday, September 11, 2020"
9/12/2020,590,0,0,0,0,0,0,0,0,"Saturday, September 12, 2020"
9/13/2020,591,0,0,0,0,0,0,0,0,"Sunday, September 13, 2020"
9/14/2020,592,1,0,0,0.5,1,1,1,0,"Monday, September 14, 2020"
9/15/2020,593,0,0,0,0,0,0,0,0,"Tuesday, September 15, 2020"
9/16/2020,594,0,0,0,0,0,0,0,0,"Wednesday, September 16, 2020"
9/17/2020,595,0,0,0,0,0,0,0,0,"Thursday, September 17, 2020"
9/18/2020,596,0,0,0,0,0,0,0,0,"Friday, September 18, 2020"
9/19/2020,597,0,0,0,0,0,0,0,0,"Saturday, September 19, 2020"
9/20/2020,598,0,0,0,0,0,0,0,0,"Sunday, September 20, 2020"
9/21/2020,599,1,0,0,0.5,1,1,1,0,"Monday, September 21, 2020"
9/22/2020,600,0,0,0,0,0,0,0,0,"Tuesday, September 22, 2020"
9/23/2020,601,0,0,0,0,0,0,0,0,"Wednesday, September 23, 2020"
9/24/2020,602,0,0,0,0,0,0,0,0,"Thursday, September 24, 2020"
9/25/2020,603,0,0,0,0,0,0,0,0,"Friday, September 25, 2020"
9/26/2020,604,0,0,0,0,0,0,0,0,"Saturday, September 26, 2020"
9/27/2020,605,0,0,0,0,0,0,0,0,"Sunday, September 27, 2020"
9/28/2020,606,1,0,0,0.5,1,1,1,0,"Monday, September 28, 2020"
9/29/2020,607,0,0,0,0,0,0,0,0,"Tuesday, September 29, 2020"
9/30/2020,608,0,0,0,0,0,0,0,0,"Wednesday, September 30, 2020"
10/1/2020,609,0,0,0,0,0,0,0,0,"Thursday, October 1, 2020"
10/2/2020,610,0,0,0,0,0,0,0,0,"Friday, October 2, 2020"
10/3/2020,611,0,0,0,0,0,0,0,0,"Saturday, October 3, 2020"
10/4/2020,612,0,0,0,0,0,0,0,0,"Sunday, October 4, 2020"
10/5/2020,613,1,0,0,0.5,1,1,1,0,"Monday, October 5, 2020"
10/6/2020,614,0,0,0,0,0,0,0,0,"Tuesday, October 6, 2020"
10/7/2020,615,0,0,0,0,0,0,0,0,"Wednesday, October 7, 2020"
10/8/2020,616,0,0,0,0,0,0,0,0,"Thursday, October 8, 2020"
10/9/2020,617,0,0,0,0,0,0,0,0,"Friday, October 9, 2020"
10/10/2020,618,0,0,0,0,0,0,0,0,"Saturday, October 10, 2020"
10/11/2020,619,0,0,0,0,0,0,0,0,"Sunday, October 11, 2020"
10/12/2020,620,1,0,0,0.5,1,1,1,0,"Monday, October 12, 2020"
10/13/2020,621,0,0,0,0,0,0,0,0,"Tuesday, October 13, 2020"
10/14/2020,622,0,0,0,0,0,0,0,0,"Wednesday, October 14, 2020"
10/15/2020,623,0,0,0,0,0,0,0,0,"Thursday, October 15, 2020"
10/16/2020,624,0,0,0,0,0,0,0,0,"Friday, October 16, 2020"
10/17/2020,625,0,0,0,0,0,0,0,0,"Saturday, October 17, 2020"
10/18/2020,626,0,0,0,0,0,0,0,0,"Sunday, October 18, 2020"
10/19/2020,627,1,0,0,0.5,1,1,1,0,"Monday, October 19, 2020"
10/20/2020,628,0,0,0,0,0,0,0,0,"Tuesday, October 20, 2020"
10/21/2020,629,0,0,0,0,0,0,0,0,"Wednesday, October 21, 2020"
10/22/2020,630,0,0,0,0,0,0,0,0,"Thursday, October 22, 2020"
10/23/2020,631,0,0,0,0,0,0,0,0,"Friday, October 23, 2020"
10/24/2020,632,0,0,0,0,0,0,0,0,"Saturday, October 24, 2020"
10/25/2020,633,0,0,0,0,0,0,0,0,"Sunday, October 25, 2020"
10/26/2020,634,1,0,0,0.5,1,1,1,0,"Monday, October 26, 2020"
10/27/2020,635,0,0,0,0,0,0,0,0,"Tuesday, October 27, 2020"
10/28/2020,636,0,0,0,0,0,0,0,0,"Wednesday, October 28, 2020"
10/29/2020,637,0,0,0,0,0,0,0,0,"Thursday, October 29, 2020"
10/30/2020,638,0,0,0,0,0,0,0,0,"Friday, October 30, 2020"
10/31/2020,639,0,0,0,0,0,0,0,0,"Saturday, October 31, 2020"
11/1/2020,640,0,0,0,0,0,0,0,0,"Sunday, November 1, 2020"
11/2/2020,641,1,0,0,0.5,1,1,1,0,"Monday, November 2, 2020"
11/3/2020,642,0,0,0,0,0,0,0,0,"Tuesday, November 3, 2020"
11/4/2020,643,0,0,0,0,0,0,0,0,"Wednesday, November 4, 2020"
11/5/2020,644,0,0,0,0,0,0,0,0,"Thursday, November 5, 2020"
11/6/2020,645,0,0,0,0,0,0,0,0,"Friday, November 6, 2020"
11/7/2020,646,0,0,0,0,0,0,0,0,"Saturday, November 7, 2020"
11/8/2020,647,0,0,0,0,0,0,0,0,"Sunday, November 8, 2020"
11/9/2020,648,1,0,0,0.5,1,1,1,0,"Monday, November 9, 2020"
11/10/2020,649,0,0,0,0,0,0,0,0,"Tuesday, November 10, 2020"
11/11/2020,650,0,0,0,0,0,0,0,0,"Wednesday, November 11, 2020"
11/12/2020,651,0,0,0,0,0,0,0,0,"Thursday, November 12, 2020"
11/13/2020,652,0,0,0,0,0,0,0,0,"Friday, November 13, 2020"
11/14/2020,653,0,0,0,0,0,0,0,0,"Saturday, November 14, 2020"
11/15/2020,654,0,0,0,0,0,0,0,0,"Sunday, November 15, 2020"
11/16/2020,655,1,0,0,0.5,1,1,1,0,"Monday, November 16, 2020"
11/17/2020,656,0,0,0,0,0,0,0,0,"Tuesday, November 17, 2020"
11/18/2020,657,0,0,0,0,0,0,0,0,"Wednesday, November 18, 2020"
11/19/2020,658,0,0,0,0,0,0,0,0,"Thursday, November 19, 2020"
11/20/2020,659,0,0,0,0,0,0,0,0,"Friday, November 20, 2020"
11/21/2020,660,0,0,0,0,0,0,0,0,"Saturday, November 21, 2020"
11/22/2020,661,0,0,0,0,0,0,0,0,"Sunday, November 22, 2020"
11/23/2020,662,1,0,0,0.5,1,1,1,0,"Monday, November 23, 2020"
11/24/2020,663,0,0,0,0,0,0,0,0,"Tuesday, November 24, 2020"
11/25/2020,664,0,0,0,0,0,0,0,0,"Wednesday, November 25, 2020"
11/26/2020,665,0,0,0,0,0,0,0,0,"Thursday, November 26, 2020"
11/27/2020,666,0,0,0,0,0,0,0,0,"Friday, November 27, 2020"
11/28/2020,667,0,0,0,0,0,0,0,0,"Saturday, November 28, 2020"
11/29/2020,668,0,0,0,0,0,0,0,0,"Sunday, November 29, 2020"
11/30/2020,669,1,0,0,0.5,1,1,1,0,"Monday, November 30, 2020"
12/1/2020,670,0,0,0,0,0,0,0,0,"Tuesday, December 1, 2020"
12/2/2020,671,0,0,0,0,0,0,0,0,"Wednesday, December 2, 2020"
12/3/2020,672,0,0,0,0,0,0,0,0,"Thursday, December 3, 2020"
12/4/2020,673,0,0,0,0,0,0,0,0,"Friday, December 4, 2020"
12/5/2020,674,0,0,0,0,0,0,0,0,"Saturday, December 5, 2020"
12/6/2020,675,0,0,0,0,0,0,0,0,"Sunday, December 6, 2020"
12/7/2020,676,1,0,0,0.5,1,1,1,0,"Monday, December 7, 2020"
12/8/2020,677,0,0,0,0,0,0,0,0,"Tuesday, December 8, 2020"
12/9/2020,678,0,0,0,0,0,0,0,0,"Wednesday, December 9, 2020"
12/10/2020,679,0,0,0,0,0,0,0,0,"Thursday, December 10, 2020"
12/11/2020,680,0,0,0,0,0,0,0,0,"Friday, December 11, 2020"
12/12/2020,681,0,0,0,0,0,0,0,0,"Saturday, December 12, 2020"
12/13/2020,682,0,0,0,0,0,0,0,0,"Sunday, December 13, 2020"
12/14/2020,683,1,0,0,0.5,1,1,1,0,"Monday, December 14, 2020"
12/15/2020,684,0,0,0,0,0,0,0,0,"Tuesday, December 15, 2020"
12/16/2020,685,0,0,0,0,0,0,0,0,"Wednesday, December 16, 2020"
12/17/2020,686,0,0,0,0,0,0,0,0,"Thursday, December 17, 2020"
12/18/2020,687,0,0,0,0,0,0,0,0,"Friday, December 18, 2020"
12/19/2020,688,0,0,0,0,0,0,0,0,"Saturday, December 19, 2020"
12/20/2020,689,0,0,0,0,0,0,0,0,"Sunday, December 20, 2020"
12/21/2020,690,1,0,0,0.5,1,1,1,0,"Monday, December 21, 2020"
12/22/2020,691,0,0,0,0,0,0,0,0,"Tuesday, December 22, 2020"
12/23/2020,692,0,0,0,0,0,0,0,0,"Wednesday, December 23, 2020"
12/24/2020,693,0,0,0,0,0,0,0,0,"Thursday, December 24, 2020"
12/25/2020,694,0,0,0,0,0,0,0,0,"Friday, December 25, 2020"
12/26/2020,695,0,0,0,0,0,0,0,0,"Saturday, December 26, 2020"
12/27/2020,696,0,0,0,0,0,0,0,0,"Sunday, December 27, 2020"
12/28/2020,697,1,0,0,0.5,1,1,1,0,"Monday, December 28, 2020"
12/29/2020,698,0,0,0,0,0,0,0,0,"Tuesday, December 29, 2020"
12/30/2020,699,0,0,0,0,0,0,0,0,"Wednesday, December 30, 2020"
12/31/2020,700,0,0,0,0,0,0,0,0,"Thursday, December 31, 2020"
1/1/2021,701,0,0,0,0,0,0,0,0,"Friday, January 1, 2021"
1/2/2021,702,0,0,0,0,0,0,0,0,"Saturday, January 2, 2021"
1/3/2021,703,0,0,0,0,0,0,0,0,"Sunday, January 3, 2021"
1/4/2021,704,1,0,0,0.5,1,1,1,0,"Monday, January 4, 2021"
1/5/2021,705,0,0,0,0,0,0,0,0,"Tuesday, January 5, 2021"
1/6/2021,706,0,0,0,0,0,0,0,0,"Wednesday, January 6, 2021"
1/7/2021,707,0,0,0,0,0,0,0,0,"Thursday, January 7, 2021"
1/8/2021,708,0,0,0,0,0,0,0,0,"Friday, January 8, 2021"
1/9/2021,709,0,0,0,0,0,0,0,0,"Saturday, January 9, 2021"
1/10/2021,710,0,0,0,0,0,0,0,0,"Sunday, January 10, 2021"
1/11/2021,711,1,0,0,0.5,1,1,1,0,"Monday, January 11, 2021"
1/12/2021,712,0,0,0,0,0,0,0,0,"Tuesday, January 12, 2021"
1/13/2021,713,0,0,0,0,0,0,0,0,"Wednesday, January 13, 2021"
1/14/2021,714,0,0,0,0,0,0,0,0,"Thursday, January 14, 2021"
1/15/2021,715,0,0,0,0,0,0,0,0,"Friday, January 15, 2021"
1/16/2021,716,0,0,0,0,0,0,0,0,"Saturday, January 16, 2021"
1/17/2021,717,0,0,0,0,0,0,0,0,"Sunday, January 17, 2021"
1/18/2021,718,1,0,0,0.5,1,1,1,0,"Monday, January 18, 2021"
1/19/2021,719,0,0,0,0,0,0,0,0,"Tuesday, January 19, 2021"
1/20/2021,720,0,0,0,0,0,0,0,0,"Wednesday, January 20, 2021"
1/21/2021,721,0,0,0,0,0,0,0,0,"Thursday, January 21, 2021"
1/22/2021,722,0,0,0,0,0,0,0,0,"Friday, January 22, 2021"
1/23/2021,723,0,0,0,0,0,0,0,0,"Saturday, January 23, 2021"
1/24/2021,724,0,0,0,0,0,0,0,0,"Sunday, January 24, 2021"
1/25/2021,725,1,0,0,0.5,1,1,1,0,"Monday, January 25, 2021"
1/26/2021,726,0,0,0,0,0,0,0,0,"Tuesday, January 26, 2021"
1/27/2021,727,0,0,0,0,0,0,0,0,"Wednesday, January 27, 2021"
1/28/2021,728,0,0,0,0,0,0,0,0,"Thursday, January 28, 2021"
1/29/2021,729,0,0,0,0,0,0,0,0,"Friday, January 29, 2021"
1/30/2021,730,0,0,0,0,0,0,0,0,"Saturday, January 30, 2021"
1/31/2021,731,0,0,0,0,0,0,0,0,"Sunday, January 31, 2021"
2/1/2021,732,1,0,0,0.5,1,1,1,0,"Monday, February 1, 2021"
2/2/2021,733,0,0,0,0,0,0,0,0,"Tuesday, February 2, 2021"
2/3/2021,734,0,0,0,0,0,0,0,0,"Wednesday, February 3, 2021"
2/4/2021,735,0,0,0,0,0,0,0,0,"Thursday, February 4, 2021"
2/5/2021,736,0,0,0,0,0,0,0,0,"Friday, February 5, 2021"
2/6/2021,737,0,0,0,0,0,0,0,0,"Saturday, February 6, 2021"
2/7/2021,738,0,0,0,0,0,0,0,0,"Sunday, February 7, 2021"
2/8/2021,739,1,0,0,0.5,1,1,1,0,"Monday, February 8, 2021"
2/9/2021,740,0,0,0,0,0,0,0,0,"Tuesday, February 9, 2021"
2/10/2021,741,0,0,0,0,0,0,0,0,"Wednesday, February 10, 2021"
2/11/2021,742,0,0,0,0,0,0,0,0,"Thursday, February 11, 2021"
2/12/2021,743,0,0,0,0,0,0,0,0,"Friday, February 12, 2021"
2/13/2021,744,0,0,0,0,0,0,0,0,"Saturday, February 13, 2021"
2/14/2021,745,0,0,0,0,0,0,0,0,"Sunday, February 14, 2021"
2/15/2021,746,1,0,0,0.5,1,1,1,0,"Monday, February 15, 2021"
2/16/2021,747,0,0,0,0,0,0,0,0,"Tuesday, February 16, 2021"
2/17/2021,748,0,0,0,0,0,0,0,0,"Wednesday, February 17, 2021"
2/18/2021,749,0,0,0,0,0,0,0,0,"Thursday, February 18, 2021"
2/19/2021,750,0,0,0,0,0,0,0,0,"Friday, February 19, 2021"
2/20/2021,751,0,0,0,0,0,0,0,0,"Saturday, February 20, 2021"
2/21/2021,752,0,0,0,0,0,0,0,0,"Sunday, February 21, 2021"
2/22/2021,753,1,0,0,0.5,1,1,1,0,"Monday, February 22, 2021"
2/23/2021,754,0,0,0,0,0,0,0,0,"Tuesday, February 23, 2021"
2/24/2021,755,0,0,0,0,0,0,0,0,"Wednesday, February 24, 2021"
2/25/2021,756,0,0,0,0,0,0,0,0,"Thursday, February 25, 2021"
2/26/2021,757,0,0,0,0,0,0,0,0,"Friday, February 26, 2021"
2/27/2021,758,0,0,0,0,0,0,0,0,"Saturday, February 27, 2021"
2/28/2021,759,0,0,0,0,0,0,0,0,"Sunday, February 28, 2021"
3/1/2021,760,1,0,0,0.5,1,1,1,0,"Monday, March 1, 2021"
3/2/2021,761,0,0,0,0,0,0,0,0,"Tuesday, March 2, 2021"
3/3/2021,762,0,0,0,0,0,0,0,0,"Wednesday, March 3, 2021"
3/4/2021,763,0,0,0,0,0,0,0,0,"Thursday, March 4, 2021"
3/5/2021,764,0,0,0,0,0,0,0,0,"Friday, March 5, 2021"
3/6/2021,765,0,0,0,0,0,0,0,0,"Saturday, March 6, 2021"
3/7/2021,766,0,0,0,0,0,0,0,0,"Sunday, March 7, 2021"
3/8/2021,767,1,0,0,0.5,1,1,1,0,"Monday, March 8, 2021"
3/9/2021,768,0,0,0,0,0,0,0,0,"Tuesday, March 9, 2021"
3/10/2021,769,0,0,0,0,0,0,0,0,"Wednesday, March 10, 2021"
3/11/2021,770,0,0,0,0,0,0,0,0,"Thursday, March 11, 2021"
3/12/2021,771,0,0,0,0,0,0,0,0,"Friday, March 12, 2021"
3/13/2021,772,0,0,0,0,0,0,0,0,"Saturday, March 13, 2021"
3/14/2021,773,0,0,0,0,0,0,0,0,"Sunday, March 14, 2021"
3/15/2021,774,1,0,0,0.5,1,1,1,0,"Monday, March 15, 2021"
3/16/2021,775,0,0,0,0,0,0,0,0,"Tuesday, March 16, 2021"
3/17/2021,776,0,0,0,0,0,0,0,0,"Wednesday, March 17, 2021"
3/18/2021,777,0,0,0,0,0,0,0,0,"Thursday, March 18, 2021"
3/19/2021,778,0,0,0,0,0,0,0,0,"Friday, March 19, 2021"
3/20/2021,779,0,0,0,0,0,0,0,0,"Saturday, March 20, 2021"
3/21/2021,780,0,0,0,0,0,0,0,0,"Sunday, March 21, 2021"
3/22/2021,781,1,0,0,0.5,1,1,1,0,"Monday, March 22, 2021"
3/23/2021,782,0,0,0,0,0,0,0,0,"Tuesday, March 23, 2021"
3/24/2021,783,0,0,0,0,0,0,0,0,"Wednesday, March 24, 2021"
3/25/2021,784,0,0,0,0,0,0,0,0,"Thursday, March 25, 2021"
3/26/2021,785,0,0,0,0,0,0,0,0,"Friday, March 26, 2021"
3/27/2021,786,0,0,0,0,0,0,0,0,"Saturday, March 27, 2021"
3/28/2021,787,0,0,0,0,0,0,0,0,"Sunday, March 28, 2021"
3/29/2021,788,1,0,0,0.5,1,1,1,0,"Monday, March 29, 2021"
3/30/2021,789,0,0,0,0,0,0,0,0,"Tuesday, March 30, 2021"
3/31/2021,790,0,0,0,0,0,0,0,0,"Wednesday, March 31, 2021"
4/1/2021,791,0,0,0,0,0,0,0,0,"Thursday, April 1, 2021"
4/2/2021,792,0,0,0,0,0,0,0,0,"Friday, April 2, 2021"
4/3/2021,793,0,0,0,0,0,0,0,0,"Saturday, April 3, 2021"
4/4/2021,794,0,0,0,0,0,0,0,0,"Sunday, April 4, 2021"
4/5/2021,795,1,0,0,0.5,1,1,1,0,"Monday, April 5, 2021"
4/6/2021,796,0,0,0,0,0,0,0,0,"Tuesday, April 6, 2021"
4/7/2021,797,0,0,0,0,0,0,0,0,"Wednesday, April 7, 2021"
4/8/2021,798,0,0,0,0,0,0,0,0,"Thursday, April 8, 2021"
4/9/2021,799,0,0,0,0,0,0,0,0,"Friday, April 9, 2021"
4/10/2021,800,0,0,0,0,0,0,0,0,"Saturday, April 10, 2021"
4/11/2021,801,0,0,0,0,0,0,0,0,"Sunday, April 11, 2021"
4/12/2021,802,1,0,0,0.5,1,1,1,0,"Monday, April 12, 2021"
4/13/2021,803,0,0,0,0,0,0,0,0,"Tuesday, April 13, 2021"
4/14/2021,804,0,0,0,0,0,0,0,0,"Wednesday, April 14, 2021"
4/15/2021,805,0,0,0,0,0,0,0,0,"Thursday, April 15, 2021"
4/16/2021,806,0,0,0,0,0,0,0,0,"Friday, April 16, 2021"
4/17/2021,807,0,0,0,0,0,0,0,0,"Saturday, April 17, 2021"
4/18/2021,808,0,0,0,0,0,0,0,0,"Sunday, April 18, 2021"
4/19/2021,809,1,0,0,0.5,1,1,1,0,"Monday, April 19, 2021"
4/20/2021,810,0,0,0,0,0,0,0,0,"Tuesday, April 20, 2021"
4/21/2021,811,0,0,0,0,0,0,0,0,"Wednesday, April 21, 2021"
4/22/2021,812,0,0,0,0,0,0,0,0,"Thursday, April 22, 2021"
4/23/2021,813,0,0,0,0,0,0,0,0,"Friday, April 23, 2021"
4/24/2021,814,0,0,0,0,0,0,0,0,"Saturday, April 24, 2021"
4/25/2021,815,0,0,0,0,0,0,0,0,"Sunday, April 25, 2021"
4/26/2021,816,1,0,0,0.5,1,1,1,0,"Monday, April 26, 2021"
4/27/2021,817,0,0,0,0,0,0,0,0,"Tuesday, April 27, 2021"
4/28/2021,818,0,0,0,0,0,0,0,0,"Wednesday, April 28, 2021"
4/29/2021,819,0,0,0,0,0,0,0,0,"Thursday, April 29, 2021"
4/30/2021,820,0,0,0,0,0,0,0,0,"Friday, April 30, 2021"
5/1/2021,821,0,0,0,0,0,0,0,0,"Saturday, May 1, 2021"
5/2/2021,822,0,0,0,0,0,0,0,0,"Sunday, May 2, 2021"
5/3/2021,823,1,0,0,0.5,1,1,1,0,"Monday, May 3, 2021"
5/4/2021,824,0,0,0,0,0,0,0,0,"Tuesday, May 4, 2021"
5/5/2021,825,0,0,0,0,0,0,0,0,"Wednesday, May 5, 2021"
5/6/2021,826,0,0,0,0,0,0,0,0,"Thursday, May 6, 2021"
5/7/2021,827,0,0,0,0,0,0,0,0,"Friday, May 7, 2021"
5/8/2021,828,0,0,0,0,0,0,0,0,"Saturday, May 8, 2021"
5/9/2021,829,0,0,0,0,0,0,0,0,"Sunday, May 9, 2021"
5/10/2021,830,1,0,0,0.5,1,1,1,0,"Monday, May 10, 2021"
5/11/2021,831,0,0,0,0,0,0,0,0,"Tuesday, May 11, 2021"
5/12/2021,832,0,0,0,0,0,0,0,0,"Wednesday, May 12, 2021"
5/13/2021,833,0,0,0,0,0,0,0,0,"Thursday, May 13, 2021"
5/14/2021,834,0,0,0,0,0,0,0,0,"Friday, May 14, 2021"
5/15/2021,835,0,0,0,0,0,0,0,0,"Saturday, May 15, 2021"
5/16/2021,836,0,0,0,0,0,0,0,0,"Sunday, May 16, 2021"
5/17/2021,837,1,0,0,0.5,1,1,1,0,"Monday, May 17, 2021"
5/18/2021,838,0,0,0,0,0,0,0,0,"Tuesday, May 18, 2021"
5/19/2021,839,0,0,0,0,0,0,0,0,"Wednesday, May 19, 2021"
5/20/2021,840,0,0,0,0,0,0,0,0,"Thursday, May 20, 2021"
5/21/2021,841,0,0,0,0,0,0,0,0,"Friday, May 21, 2021"
5/22/2021,842,0,0,0,0,0,0,0,0,"Saturday, May 22, 2021"
5/23/2021,843,0,0,0,0,0,0,0,0,"Sunday, May 23, 2021"
5/24/2021,844,1,0,0,0.5,1,1,1,0,"Monday, May 24, 2021"
5/25/2021,845,0,0,0,0,0,0,0,0,"Tuesday, May 25, 2021"
5/26/2021,846,0,0,0,0,0,0,0,0,"Wednesday, May 26, 2021"
5/27/2021,847,0,0,0,0,0,0,0,0,"Thursday, May 27, 2021"
5/28/2021,848,0,0,0,0,0,0,0,0,"Friday, May 28, 2021"
5/29/2021,849,0,0,0,0,0,0,0,0,"Saturday, May 29, 2021"
5/30/2021,850,0,0,0,0,0,0,0,0,"Sunday, May 30, 2021"
5/31/2021,851,1,0,0,0.5,1,1,1,0,"Monday, May 31, 2021"
